Solution index,Edge index,Total cell-cell edges,Edges colored
16000,3970,4044,74
2010,2367,2420,53
2016,2367,2420,53
2032,2367,2420,53
2045,2367,2420,53
2046,2367,2420,53
2055,2367,2420,53
2076,2367,2420,53
2086,2367,2420,53
2098,2367,2420,53
2109,2367,2420,53
2119,2367,2420,53
2125,2367,2420,53
2143,2367,2420,53
2152,2367,2420,53
2158,2367,2420,53
2171,2367,2420,53
2179,2367,2420,53
2191,2367,2420,53
2197,2367,2420,53
2213,2367,2420,53
2222,2367,2420,53
2236,2367,2420,53
2240,2367,2420,53
2251,2367,2420,53
2265,2367,2420,53
2271,2367,2420,53
2279,2367,2420,53
2297,2367,2420,53
2305,2367,2420,53
2310,2367,2420,53
2323,2367,2420,53
2327,2367,2420,53
2334,2367,2420,53
2347,2367,2420,53
2351,2367,2420,53
2365,2367,2420,53
2380,2367,2420,53
2388,2367,2420,53
2401,2367,2420,53
2405,2367,2420,53
2413,2367,2420,53
2419,2367,2420,53
2430,2367,2420,53
2440,2367,2420,53
2444,2367,2420,53
2452,2367,2420,53
2467,2367,2420,53
2474,2367,2420,53
2484,2367,2420,53
2497,2367,2420,53
2521,2367,2420,53
2534,2367,2420,53
2544,2367,2420,53
2555,2367,2420,53
2561,2367,2420,53
2572,2367,2420,53
2577,2367,2420,53
2587,2367,2420,53
2590,2367,2420,53
2607,2367,2420,53
2614,2367,2420,53
2624,2367,2420,53
2629,2367,2420,53
2641,2367,2420,53
2647,2367,2420,53
2668,2367,2420,53
2679,2367,2420,53
2690,2367,2420,53
2691,2367,2420,53
2708,2367,2420,53
2732,2367,2420,53
2744,2367,2420,53
2770,2367,2420,53
2783,2367,2420,53
2790,2367,2420,53
2808,2367,2420,53
2818,2367,2420,53
2837,2367,2420,53
2846,2367,2420,53
2852,2367,2420,53
2864,2367,2420,53
2882,2367,2420,53
2890,2367,2420,53
2900,2367,2420,53
2911,2367,2420,53
2927,2367,2420,53
2933,2367,2420,53
2939,2367,2420,53
2949,2367,2420,53
2960,2367,2420,53
3003,2372,2425,53
3015,2372,2425,53
3022,2372,2425,53
3026,2372,2425,53
3043,2372,2425,53
3048,2372,2425,53
3057,2372,2425,53
3072,2372,2425,53
3075,2372,2425,53
3094,2372,2425,53
3112,2372,2425,53
3114,2372,2425,53
3125,2372,2425,53
3137,2372,2425,53
3149,2372,2425,53
3154,2372,2425,53
3166,2372,2425,53
3173,2372,2425,53
3180,2372,2425,53
3189,2372,2425,53
3197,2372,2425,53
3208,2372,2425,53
3210,2372,2425,53
3224,2372,2425,53
3237,2372,2425,53
3258,2372,2425,53
3266,2372,2425,53
3277,2372,2425,53
3288,2372,2425,53
3296,2372,2425,53
3311,2372,2425,53
3316,2372,2425,53
3326,2372,2425,53
3338,2372,2425,53
3349,2372,2425,53
3370,2372,2425,53
3378,2372,2425,53
3386,2372,2425,53
3389,2372,2425,53
3402,2372,2425,53
3413,2372,2425,53
3421,2372,2425,53
3431,2372,2425,53
3445,2372,2425,53
3457,2372,2425,53
3462,2372,2425,53
3475,2372,2425,53
3481,2372,2425,53
3491,2372,2425,53
3505,2372,2425,53
3534,2372,2425,53
3541,2372,2425,53
3549,2372,2425,53
3557,2372,2425,53
3563,2372,2425,53
3567,2372,2425,53
3580,2372,2425,53
3599,2372,2425,53
3604,2372,2425,53
3621,2372,2425,53
3625,2372,2425,53
3635,2372,2425,53
3641,2372,2425,53
3654,2372,2425,53
3659,2372,2425,53
3666,2372,2425,53
3673,2372,2425,53
3684,2372,2425,53
3687,2372,2425,53
3701,2372,2425,53
3712,2372,2425,53
3720,2372,2425,53
3724,2372,2425,53
3742,2372,2425,53
3755,2372,2425,53
3766,2372,2425,53
3776,2372,2425,53
3783,2372,2425,53
3792,2372,2425,53
3802,2372,2425,53
3813,2372,2425,53
3814,2372,2425,53
3838,2372,2425,53
3851,2372,2425,53
3857,2372,2425,53
3872,2372,2425,53
3883,2372,2425,53
3900,2372,2425,53
3906,2372,2425,53
3919,2372,2425,53
3923,2372,2425,53
3933,2372,2425,53
3948,2372,2425,53
3950,2372,2425,53
3964,2372,2425,53
3971,2372,2425,53
3985,2372,2425,53
3990,2372,2425,53
4001,2372,2425,53
4002,2372,2425,53
4015,2372,2425,53
4016,2372,2425,53
4039,2372,2425,53
4045,2372,2425,53
4057,2372,2425,53
4072,2372,2425,53
4095,2372,2425,53
4106,2372,2425,53
4109,2372,2425,53
4119,2372,2425,53
4138,2372,2425,53
4145,2372,2425,53
4151,2372,2425,53
4161,2372,2425,53
4173,2372,2425,53
4179,2372,2425,53
4187,2372,2425,53
2006,2373,2425,52
2021,2373,2425,52
2033,2373,2425,52
2043,2373,2425,52
2047,2373,2425,52
2053,2373,2425,52
2072,2373,2425,52
2079,2373,2425,52
2084,2373,2425,52
2091,2373,2425,52
2099,2373,2425,52
2112,2373,2425,52
2127,2373,2425,52
2135,2373,2425,52
2155,2373,2425,52
2174,2373,2425,52
2177,2373,2425,52
2188,2373,2425,52
2203,2373,2425,52
2214,2373,2425,52
2216,2373,2425,52
2226,2373,2425,52
2232,2373,2425,52
2250,2373,2425,52
2254,2373,2425,52
2268,2373,2425,52
2275,2373,2425,52
2282,2373,2425,52
2288,2373,2425,52
2304,2373,2425,52
2320,2373,2425,52
2330,2373,2425,52
2340,2373,2425,52
2349,2373,2425,52
2360,2373,2425,52
2367,2373,2425,52
2373,2373,2425,52
2396,2373,2425,52
2412,2373,2425,52
2423,2373,2425,52
2428,2373,2425,52
2433,2373,2425,52
2448,2373,2425,52
2453,2373,2425,52
2460,2373,2425,52
2465,2373,2425,52
2485,2373,2425,52
2494,2373,2425,52
2502,2373,2425,52
2508,2373,2425,52
2520,2373,2425,52
2539,2373,2425,52
2546,2373,2425,52
2550,2373,2425,52
2562,2373,2425,52
2567,2373,2425,52
2582,2373,2425,52
2585,2373,2425,52
2602,2373,2425,52
2613,2373,2425,52
2628,2373,2425,52
2631,2373,2425,52
2644,2373,2425,52
2652,2373,2425,52
2655,2373,2425,52
2662,2373,2425,52
2677,2373,2425,52
2683,2373,2425,52
2687,2373,2425,52
2704,2373,2425,52
2711,2373,2425,52
2718,2373,2425,52
2727,2373,2425,52
2746,2373,2425,52
2753,2373,2425,52
2764,2373,2425,52
2765,2373,2425,52
2778,2373,2425,52
2787,2373,2425,52
2798,2373,2425,52
2814,2373,2425,52
2834,2373,2425,52
2838,2373,2425,52
2847,2373,2425,52
2851,2373,2425,52
2860,2373,2425,52
2883,2373,2425,52
2886,2373,2425,52
2894,2373,2425,52
2906,2373,2425,52
2916,2373,2425,52
2929,2373,2425,52
2932,2373,2425,52
2940,2373,2425,52
2954,2373,2425,52
2961,2373,2425,52
3012,2368,2420,52
3019,2368,2420,52
3033,2368,2420,52
3039,2368,2420,52
3044,2368,2420,52
3052,2368,2420,52
3060,2368,2420,52
3064,2368,2420,52
3076,2368,2420,52
3084,2368,2420,52
3092,2368,2420,52
3103,2368,2420,52
3127,2368,2420,52
3139,2368,2420,52
3151,2368,2420,52
3157,2368,2420,52
3172,2368,2420,52
3179,2368,2420,52
3192,2368,2420,52
3198,2368,2420,52
3209,2368,2420,52
3215,2368,2420,52
3217,2368,2420,52
3227,2368,2420,52
3233,2368,2420,52
3246,2368,2420,52
3263,2368,2420,52
3270,2368,2420,52
3283,2368,2420,52
3289,2368,2420,52
3295,2368,2420,52
3310,2368,2420,52
3323,2368,2420,52
3341,2368,2420,52
3342,2368,2420,52
3351,2368,2420,52
3361,2368,2420,52
3365,2368,2420,52
3372,2368,2420,52
3387,2368,2420,52
3390,2368,2420,52
3412,2368,2420,52
3425,2368,2420,52
3447,2368,2420,52
3458,2368,2420,52
3460,2368,2420,52
3472,2368,2420,52
3477,2368,2420,52
3484,2368,2420,52
3494,2368,2420,52
3499,2368,2420,52
3513,2368,2420,52
3520,2368,2420,52
3528,2368,2420,52
3546,2368,2420,52
3553,2368,2420,52
3558,2368,2420,52
3574,2368,2420,52
3579,2368,2420,52
3593,2368,2420,52
3603,2368,2420,52
3611,2368,2420,52
3618,2368,2420,52
3630,2368,2420,52
3633,2368,2420,52
3650,2368,2420,52
3668,2368,2420,52
3675,2368,2420,52
3681,2368,2420,52
3689,2368,2420,52
3696,2368,2420,52
3700,2368,2420,52
3715,2368,2420,52
3735,2368,2420,52
3739,2368,2420,52
3751,2368,2420,52
3760,2368,2420,52
3770,2368,2420,52
3785,2368,2420,52
3786,2368,2420,52
3801,2368,2420,52
3804,2368,2420,52
3820,2368,2420,52
3826,2368,2420,52
3830,2368,2420,52
3837,2368,2420,52
3847,2368,2420,52
3863,2368,2420,52
3874,2368,2420,52
3879,2368,2420,52
3895,2368,2420,52
3914,2368,2420,52
3922,2368,2420,52
3934,2368,2420,52
3941,2368,2420,52
3956,2368,2420,52
3978,2368,2420,52
3984,2368,2420,52
4003,2368,2420,52
4028,2368,2420,52
4034,2368,2420,52
4050,2368,2420,52
4059,2368,2420,52
4064,2368,2420,52
4069,2368,2420,52
4077,2368,2420,52
4086,2368,2420,52
4098,2368,2420,52
4107,2368,2420,52
4112,2368,2420,52
4118,2368,2420,52
4131,2368,2420,52
4135,2368,2420,52
4149,2368,2420,52
4166,2368,2420,52
4175,2368,2420,52
4186,2368,2420,52
2861,2387,2438,51
2875,2387,2438,51
2887,2387,2438,51
2896,2387,2438,51
2903,2387,2438,51
2924,2387,2438,51
2936,2387,2438,51
2947,2387,2438,51
2957,2387,2438,51
2965,2387,2438,51
3006,2387,2438,51
3009,2387,2438,51
3023,2387,2438,51
3028,2387,2438,51
3035,2387,2438,51
3054,2387,2438,51
3058,2387,2438,51
3067,2387,2438,51
3081,2387,2438,51
3088,2387,2438,51
3099,2387,2438,51
3105,2387,2438,51
3117,2387,2438,51
3134,2387,2438,51
3142,2387,2438,51
3147,2387,2438,51
3155,2387,2438,51
3161,2387,2438,51
3174,2387,2438,51
3177,2387,2438,51
3190,2387,2438,51
3200,2387,2438,51
3207,2387,2438,51
3223,2387,2438,51
3241,2387,2438,51
3245,2387,2438,51
3259,2387,2438,51
3269,2387,2438,51
3279,2387,2438,51
3291,2387,2438,51
3298,2387,2438,51
3314,2387,2438,51
3319,2387,2438,51
3327,2387,2438,51
3336,2387,2438,51
3343,2387,2438,51
3350,2387,2438,51
3358,2387,2438,51
3367,2387,2438,51
3384,2387,2438,51
3391,2387,2438,51
3401,2387,2438,51
3410,2387,2438,51
3417,2387,2438,51
3426,2387,2438,51
3435,2387,2438,51
3446,2387,2438,51
3452,2387,2438,51
3471,2387,2438,51
3476,2387,2438,51
3489,2387,2438,51
3492,2387,2438,51
3511,2387,2438,51
3519,2387,2438,51
3531,2387,2438,51
3540,2387,2438,51
3547,2387,2438,51
3565,2387,2438,51
3568,2387,2438,51
3578,2387,2438,51
3585,2387,2438,51
3597,2387,2438,51
3607,2387,2438,51
3609,2387,2438,51
3628,2387,2438,51
3634,2387,2438,51
3645,2387,2438,51
3657,2387,2438,51
3663,2387,2438,51
3670,2387,2438,51
3691,2387,2438,51
3698,2387,2438,51
3703,2387,2438,51
3717,2387,2438,51
3726,2387,2438,51
3734,2387,2438,51
3744,2387,2438,51
3747,2387,2438,51
3756,2387,2438,51
3762,2387,2438,51
3772,2387,2438,51
3779,2387,2438,51
3791,2387,2438,51
3794,2387,2438,51
3806,2387,2438,51
3807,2387,2438,51
3822,2387,2438,51
3833,2387,2438,51
3845,2387,2438,51
3849,2387,2438,51
3861,2387,2438,51
3877,2387,2438,51
3886,2387,2438,51
3902,2387,2438,51
3916,2387,2438,51
3938,2387,2438,51
3946,2387,2438,51
3952,2387,2438,51
3961,2387,2438,51
3975,2387,2438,51
3981,2387,2438,51
4007,2387,2438,51
4011,2387,2438,51
4025,2387,2438,51
4035,2387,2438,51
4047,2387,2438,51
4055,2387,2438,51
4068,2387,2438,51
4078,2387,2438,51
4087,2387,2438,51
4091,2387,2438,51
4101,2387,2438,51
4111,2387,2438,51
4124,2387,2438,51
4128,2387,2438,51
4139,2387,2438,51
4154,2387,2438,51
4163,2387,2438,51
4167,2387,2438,51
4177,2387,2438,51
4183,2387,2438,51
8004,2419,2464,45
8019,2423,2468,45
8032,2425,2470,45
8041,2426,2471,45
8044,2427,2472,45
8046,2428,2473,45
8050,2429,2474,45
8055,2428,2473,45
8059,2430,2475,45
8066,2429,2474,45
8069,2431,2476,45
8073,2430,2475,45
8080,2435,2480,45
8082,2433,2478,45
8096,2435,2480,45
8097,2437,2482,45
8103,2437,2482,45
8108,2441,2486,45
8115,2441,2486,45
8123,2443,2488,45
8126,2442,2487,45
2011,2397,2438,41
2014,2397,2438,41
2023,2397,2438,41
2037,2397,2438,41
2059,2397,2438,41
2062,2397,2438,41
2090,2397,2438,41
2096,2397,2438,41
2101,2397,2438,41
2114,2397,2438,41
2117,2397,2438,41
2126,2397,2438,41
2141,2397,2438,41
2146,2397,2438,41
2154,2397,2438,41
2164,2397,2438,41
2170,2397,2438,41
2183,2397,2438,41
2196,2397,2438,41
2199,2397,2438,41
2211,2397,2438,41
2217,2397,2438,41
2228,2397,2438,41
2235,2397,2438,41
2244,2397,2438,41
2255,2397,2438,41
2276,2397,2438,41
2283,2397,2438,41
2286,2397,2438,41
2301,2397,2438,41
2309,2397,2438,41
2317,2397,2438,41
2331,2397,2438,41
2342,2397,2438,41
2353,2397,2438,41
2358,2397,2438,41
2362,2397,2438,41
2386,2397,2438,41
2391,2397,2438,41
2402,2397,2438,41
2411,2397,2438,41
2437,2397,2438,41
2442,2397,2438,41
2450,2397,2438,41
2459,2397,2438,41
2469,2397,2438,41
2475,2397,2438,41
2491,2397,2438,41
2496,2397,2438,41
2507,2397,2438,41
2509,2397,2438,41
2516,2397,2438,41
2526,2397,2438,41
2533,2397,2438,41
2553,2397,2438,41
2563,2397,2438,41
2573,2397,2438,41
2575,2397,2438,41
2597,2397,2438,41
2599,2397,2438,41
2619,2397,2438,41
2626,2397,2438,41
2633,2397,2438,41
2640,2397,2438,41
2660,2397,2438,41
2674,2397,2438,41
2681,2397,2438,41
2686,2397,2438,41
2702,2397,2438,41
2715,2397,2438,41
2735,2397,2438,41
2742,2397,2438,41
2751,2397,2438,41
2761,2397,2438,41
2766,2397,2438,41
2774,2397,2438,41
2785,2397,2438,41
2791,2397,2438,41
2801,2397,2438,41
2809,2397,2438,41
2816,2397,2438,41
2822,2397,2438,41
2830,2397,2438,41
2842,2397,2438,41
2854,2397,2438,41
8006,2419,2454,35
8017,2421,2456,35
8025,2423,2458,35
8029,2424,2459,35
8042,2425,2460,35
8058,2429,2464,35
8062,2430,2465,35
8070,2431,2466,35
8075,2432,2467,35
8084,2433,2468,35
8089,2434,2469,35
8106,2438,2473,35
8119,2440,2475,35
8129,2441,2476,35
8132,2443,2478,35
8005,2420,2452,32
8008,2421,2453,32
8013,2433,2465,32
8021,2435,2467,32
8023,2424,2456,32
8034,2439,2471,32
8040,2440,2472,32
8043,2428,2460,32
8052,2432,2464,32
8054,2444,2476,32
8061,2433,2465,32
8065,2445,2477,32
8076,2447,2479,32
8077,2436,2468,32
8079,2449,2481,32
8083,2438,2470,32
8090,2451,2483,32
8102,2453,2485,32
8121,2456,2488,32
8124,2457,2489,32
8098,2441,2472,31
8107,2443,2474,31
8113,2444,2475,31
8116,2445,2476,31
8134,2449,2480,31
8000,2434,2463,29
8002,2435,2464,29
8015,2437,2466,29
8016,2438,2467,29
8024,2439,2468,29
8033,2440,2469,29
8122,2444,2473,29
8133,2446,2475,29
3000,2406,2434,28
3007,2406,2434,28
3008,2406,2434,28
3025,2406,2434,28
3031,2406,2434,28
3036,2406,2434,28
3045,2406,2434,28
3063,2406,2434,28
3077,2406,2434,28
3085,2406,2434,28
3086,2406,2434,28
3100,2406,2434,28
3102,2406,2434,28
3108,2406,2434,28
3118,2406,2434,28
3123,2406,2434,28
3146,2406,2434,28
3165,2406,2434,28
3171,2406,2434,28
3182,2406,2434,28
3191,2406,2434,28
3199,2406,2434,28
3206,2406,2434,28
3219,2406,2434,28
3228,2406,2434,28
3239,2406,2434,28
3244,2406,2434,28
3254,2406,2434,28
3262,2406,2434,28
3271,2406,2434,28
3282,2406,2434,28
3299,2406,2434,28
3308,2406,2434,28
3313,2406,2434,28
3322,2406,2434,28
3337,2406,2434,28
3348,2406,2434,28
3355,2406,2434,28
3359,2406,2434,28
3380,2406,2434,28
3385,2406,2434,28
3393,2406,2434,28
3399,2406,2434,28
3409,2406,2434,28
3415,2406,2434,28
3437,2406,2434,28
3456,2406,2434,28
3465,2406,2434,28
3468,2406,2434,28
3485,2406,2434,28
3496,2406,2434,28
3502,2406,2434,28
3507,2406,2434,28
3516,2406,2434,28
3525,2406,2434,28
3529,2406,2434,28
3545,2406,2434,28
3552,2406,2434,28
3564,2406,2434,28
3575,2406,2434,28
3589,2406,2434,28
3595,2406,2434,28
3613,2406,2434,28
3624,2406,2434,28
3631,2406,2434,28
3639,2406,2434,28
3648,2406,2434,28
3656,2406,2434,28
3664,2406,2434,28
3674,2406,2434,28
3679,2406,2434,28
3694,2406,2434,28
3711,2406,2434,28
3719,2406,2434,28
3731,2406,2434,28
3738,2406,2434,28
3764,2406,2434,28
3774,2406,2434,28
3780,2406,2434,28
3793,2406,2434,28
3800,2406,2434,28
3803,2406,2434,28
3811,2406,2434,28
3829,2406,2434,28
3853,2406,2434,28
3855,2406,2434,28
3864,2406,2434,28
3881,2406,2434,28
3890,2406,2434,28
3897,2406,2434,28
3909,2406,2434,28
3918,2406,2434,28
3920,2406,2434,28
3928,2406,2434,28
3939,2406,2434,28
3942,2406,2434,28
3957,2406,2434,28
3959,2406,2434,28
3976,2406,2434,28
3995,2406,2434,28
3997,2406,2434,28
4005,2406,2434,28
4010,2406,2434,28
4022,2406,2434,28
4029,2406,2434,28
4040,2406,2434,28
4042,2406,2434,28
4052,2406,2434,28
4061,2406,2434,28
4070,2406,2434,28
4071,2406,2434,28
4085,2406,2434,28
4100,2406,2434,28
4105,2406,2434,28
4130,2406,2434,28
4134,2406,2434,28
4155,2406,2434,28
4157,2406,2434,28
4170,2406,2434,28
4174,2406,2434,28
8007,2424,2452,28
8010,2426,2454,28
8022,2428,2456,28
8031,2430,2458,28
8038,2432,2460,28
8048,2433,2461,28
8056,2435,2463,28
8063,2436,2464,28
8072,2437,2465,28
8078,2439,2467,28
8081,2440,2468,28
8093,2441,2469,28
8104,2443,2471,28
8112,2444,2472,28
2007,2407,2434,27
2026,2407,2434,27
2030,2407,2434,27
2039,2407,2434,27
2058,2407,2434,27
2066,2407,2434,27
2067,2407,2434,27
2075,2407,2434,27
2089,2407,2434,27
2095,2407,2434,27
2113,2407,2434,27
2118,2407,2434,27
2123,2407,2434,27
2130,2407,2434,27
2145,2407,2434,27
2151,2407,2434,27
2159,2407,2434,27
2165,2407,2434,27
2172,2407,2434,27
2178,2407,2434,27
2200,2407,2434,27
2208,2407,2434,27
2224,2407,2434,27
2231,2407,2434,27
2249,2407,2434,27
2260,2407,2434,27
2262,2407,2434,27
2289,2407,2434,27
2294,2407,2434,27
2300,2407,2434,27
2314,2407,2434,27
2321,2407,2434,27
2328,2407,2434,27
2336,2407,2434,27
2346,2407,2434,27
2350,2407,2434,27
2366,2407,2434,27
2375,2407,2434,27
2385,2407,2434,27
2393,2407,2434,27
2395,2407,2434,27
2415,2407,2434,27
2421,2407,2434,27
2431,2407,2434,27
2441,2407,2434,27
2443,2407,2434,27
2455,2407,2434,27
2464,2407,2434,27
2471,2407,2434,27
2481,2407,2434,27
2490,2407,2434,27
2498,2407,2434,27
2514,2407,2434,27
2524,2407,2434,27
2531,2407,2434,27
2542,2407,2434,27
2547,2407,2434,27
2564,2407,2434,27
2571,2407,2434,27
2580,2407,2434,27
2592,2407,2434,27
2598,2407,2434,27
2606,2407,2434,27
2617,2407,2434,27
2623,2407,2434,27
2639,2407,2434,27
2665,2407,2434,27
2670,2407,2434,27
2682,2407,2434,27
2689,2407,2434,27
2697,2407,2434,27
2707,2407,2434,27
2719,2407,2434,27
2722,2407,2434,27
2740,2407,2434,27
2745,2407,2434,27
2752,2407,2434,27
2760,2407,2434,27
2782,2407,2434,27
2789,2407,2434,27
2794,2407,2434,27
2799,2407,2434,27
2806,2407,2434,27
2813,2407,2434,27
2825,2407,2434,27
2836,2407,2434,27
2849,2407,2434,27
2866,2407,2434,27
2868,2407,2434,27
2881,2407,2434,27
2892,2407,2434,27
2899,2407,2434,27
2910,2407,2434,27
2923,2407,2434,27
2937,2407,2434,27
2944,2407,2434,27
2948,2407,2434,27
2964,2407,2434,27
8001,2427,2452,25
8003,2428,2453,25
8012,2429,2454,25
8020,2431,2456,25
8027,2433,2458,25
8030,2435,2460,25
8036,2436,2461,25
8045,2437,2462,25
8049,2439,2464,25
8060,2440,2465,25
8068,2441,2466,25
8085,2443,2468,25
8088,2444,2469,25
8105,2448,2473,25
8110,2449,2474,25
8118,2451,2476,25
8131,2453,2478,25
2005,2409,2433,24
2018,2409,2433,24
2027,2409,2433,24
2038,2409,2433,24
2048,2409,2433,24
2052,2409,2433,24
2060,2409,2433,24
2073,2409,2433,24
2081,2409,2433,24
2097,2409,2433,24
2106,2409,2433,24
2111,2409,2433,24
2121,2409,2433,24
2133,2409,2433,24
2139,2409,2433,24
2150,2409,2433,24
2160,2409,2433,24
2161,2409,2433,24
2181,2409,2433,24
2187,2409,2433,24
2193,2409,2433,24
2201,2409,2433,24
2207,2409,2433,24
2215,2409,2433,24
2238,2409,2433,24
2246,2409,2433,24
2259,2409,2433,24
2264,2409,2433,24
2278,2409,2433,24
2287,2409,2433,24
2296,2409,2433,24
2299,2409,2433,24
2315,2409,2433,24
2322,2409,2433,24
2329,2409,2433,24
2335,2409,2433,24
2345,2409,2433,24
2356,2409,2433,24
2369,2409,2433,24
2377,2409,2433,24
2387,2409,2433,24
2394,2409,2433,24
2407,2409,2433,24
2417,2409,2433,24
2425,2409,2433,24
2438,2409,2433,24
2445,2409,2433,24
2457,2409,2433,24
2472,2409,2433,24
2483,2409,2433,24
2503,2409,2433,24
2511,2409,2433,24
2517,2409,2433,24
2529,2409,2433,24
2537,2409,2433,24
2554,2409,2433,24
2558,2409,2433,24
2568,2409,2433,24
2579,2409,2433,24
2583,2409,2433,24
2593,2409,2433,24
2600,2409,2433,24
2608,2409,2433,24
2618,2409,2433,24
2637,2409,2433,24
2649,2409,2433,24
2658,2409,2433,24
2667,2409,2433,24
2671,2409,2433,24
2680,2409,2433,24
2696,2409,2433,24
2703,2409,2433,24
2706,2409,2433,24
2721,2409,2433,24
2723,2409,2433,24
2736,2409,2433,24
2743,2409,2433,24
2754,2409,2433,24
2771,2409,2433,24
2777,2409,2433,24
2788,2409,2433,24
2797,2409,2433,24
2804,2409,2433,24
2815,2409,2433,24
2820,2409,2433,24
2829,2409,2433,24
2835,2409,2433,24
2853,2409,2433,24
2859,2409,2433,24
2874,2409,2433,24
2876,2409,2433,24
2897,2409,2433,24
2901,2409,2433,24
2918,2409,2433,24
2920,2409,2433,24
2935,2409,2433,24
2938,2409,2433,24
2953,2409,2433,24
2959,2409,2433,24
2966,2409,2433,24
3014,2409,2433,24
3021,2409,2433,24
3027,2409,2433,24
3037,2409,2433,24
3047,2409,2433,24
3055,2409,2433,24
3070,2409,2433,24
3079,2409,2433,24
3091,2409,2433,24
3098,2409,2433,24
3104,2409,2433,24
3113,2409,2433,24
3120,2409,2433,24
3133,2409,2433,24
3144,2409,2433,24
3152,2409,2433,24
3153,2409,2433,24
3162,2409,2433,24
3175,2409,2433,24
3176,2409,2433,24
3186,2409,2433,24
3194,2409,2433,24
3211,2409,2433,24
3218,2409,2433,24
3229,2409,2433,24
3234,2409,2433,24
3250,2409,2433,24
3252,2409,2433,24
3260,2409,2433,24
3272,2409,2433,24
3284,2409,2433,24
3287,2409,2433,24
3297,2409,2433,24
3303,2409,2433,24
3317,2409,2433,24
3324,2409,2433,24
3331,2409,2433,24
3339,2409,2433,24
3363,2409,2433,24
3379,2409,2433,24
3397,2409,2433,24
3407,2409,2433,24
3416,2409,2433,24
3423,2409,2433,24
3434,2409,2433,24
3443,2409,2433,24
3455,2409,2433,24
3466,2409,2433,24
3469,2409,2433,24
3487,2409,2433,24
3497,2409,2433,24
3506,2409,2433,24
3515,2409,2433,24
3524,2409,2433,24
3532,2409,2433,24
3537,2409,2433,24
3544,2409,2433,24
3561,2409,2433,24
3572,2409,2433,24
3581,2409,2433,24
3588,2409,2433,24
3598,2409,2433,24
3601,2409,2433,24
3614,2409,2433,24
3626,2409,2433,24
3632,2409,2433,24
3642,2409,2433,24
3647,2409,2433,24
3662,2409,2433,24
3677,2409,2433,24
3678,2409,2433,24
3692,2409,2433,24
3705,2409,2433,24
3710,2409,2433,24
3716,2409,2433,24
3725,2409,2433,24
3733,2409,2433,24
3745,2409,2433,24
3759,2409,2433,24
3761,2409,2433,24
3773,2409,2433,24
3782,2409,2433,24
3795,2409,2433,24
3817,2409,2433,24
3827,2409,2433,24
3834,2409,2433,24
3844,2409,2433,24
3859,2409,2433,24
3865,2409,2433,24
3873,2409,2433,24
3878,2409,2433,24
3887,2409,2433,24
3896,2409,2433,24
3913,2409,2433,24
3924,2409,2433,24
3932,2409,2433,24
3955,2409,2433,24
3958,2409,2433,24
3968,2409,2433,24
3983,2409,2433,24
3991,2409,2433,24
4008,2409,2433,24
4012,2409,2433,24
4020,2409,2433,24
4026,2409,2433,24
4038,2409,2433,24
4043,2409,2433,24
4053,2409,2433,24
4065,2409,2433,24
4073,2409,2433,24
4079,2409,2433,24
4088,2409,2433,24
4094,2409,2433,24
4113,2409,2433,24
4132,2409,2433,24
4137,2409,2433,24
4146,2409,2433,24
4153,2409,2433,24
4159,2409,2433,24
4165,2409,2433,24
4180,2409,2433,24
2009,2399,2422,23
2025,2399,2422,23
2035,2399,2422,23
2040,2399,2422,23
2049,2399,2422,23
2056,2399,2422,23
2065,2399,2422,23
2068,2399,2422,23
2078,2399,2422,23
2094,2399,2422,23
2103,2399,2422,23
2124,2399,2422,23
2132,2399,2422,23
2142,2399,2422,23
2147,2399,2422,23
2156,2399,2422,23
2175,2399,2422,23
2182,2399,2422,23
2184,2399,2422,23
2198,2399,2422,23
2202,2399,2422,23
2209,2399,2422,23
2220,2399,2422,23
2227,2399,2422,23
2243,2399,2422,23
2253,2399,2422,23
2256,2399,2422,23
2274,2399,2422,23
2290,2399,2422,23
2295,2399,2422,23
2303,2399,2422,23
2308,2399,2422,23
2313,2399,2422,23
2324,2399,2422,23
2337,2399,2422,23
2348,2399,2422,23
2355,2399,2422,23
2368,2399,2422,23
2376,2399,2422,23
2382,2399,2422,23
2404,2399,2422,23
2414,2399,2422,23
2422,2399,2422,23
2429,2399,2422,23
2447,2399,2422,23
2454,2399,2422,23
2466,2399,2422,23
2470,2399,2422,23
2486,2399,2422,23
2492,2399,2422,23
2501,2399,2422,23
2512,2399,2422,23
2519,2399,2422,23
2532,2399,2422,23
2545,2399,2422,23
2549,2399,2422,23
2559,2399,2422,23
2574,2399,2422,23
2584,2399,2422,23
2595,2399,2422,23
2603,2399,2422,23
2609,2399,2422,23
2621,2399,2422,23
2636,2399,2422,23
2638,2399,2422,23
2659,2399,2422,23
2666,2399,2422,23
2675,2399,2422,23
2693,2399,2422,23
2710,2399,2422,23
2714,2399,2422,23
2725,2399,2422,23
2734,2399,2422,23
2739,2399,2422,23
2756,2399,2422,23
2763,2399,2422,23
2767,2399,2422,23
2781,2399,2422,23
2786,2399,2422,23
2805,2399,2422,23
2821,2399,2422,23
2827,2399,2422,23
2839,2399,2422,23
2857,2399,2422,23
2863,2399,2422,23
2872,2399,2422,23
2877,2399,2422,23
2888,2399,2422,23
2898,2399,2422,23
2913,2399,2422,23
2917,2399,2422,23
2922,2399,2422,23
2931,2399,2422,23
2946,2399,2422,23
2955,2399,2422,23
3016,2400,2422,22
3017,2400,2422,22
3032,2400,2422,22
3042,2400,2422,22
3050,2400,2422,22
3056,2400,2422,22
3071,2400,2422,22
3074,2400,2422,22
3090,2400,2422,22
3097,2400,2422,22
3110,2400,2422,22
3121,2400,2422,22
3126,2400,2422,22
3135,2400,2422,22
3138,2400,2422,22
3150,2400,2422,22
3160,2400,2422,22
3170,2400,2422,22
3195,2400,2422,22
3213,2400,2422,22
3222,2400,2422,22
3226,2400,2422,22
3236,2400,2422,22
3257,2400,2422,22
3264,2400,2422,22
3275,2400,2422,22
3286,2400,2422,22
3294,2400,2422,22
3300,2400,2422,22
3304,2400,2422,22
3312,2400,2422,22
3332,2400,2422,22
3346,2400,2422,22
3352,2400,2422,22
3373,2400,2422,22
3383,2400,2422,22
3392,2400,2422,22
3403,2400,2422,22
3404,2400,2422,22
3414,2400,2422,22
3427,2400,2422,22
3429,2400,2422,22
3449,2400,2422,22
3463,2400,2422,22
3470,2400,2422,22
3473,2400,2422,22
3483,2400,2422,22
3508,2400,2422,22
3518,2400,2422,22
3523,2400,2422,22
3535,2400,2422,22
3543,2400,2422,22
3556,2400,2422,22
3562,2400,2422,22
3573,2400,2422,22
3583,2400,2422,22
3600,2400,2422,22
3606,2400,2422,22
3622,2400,2422,22
3627,2400,2422,22
3638,2400,2422,22
3655,2400,2422,22
3660,2400,2422,22
3671,2400,2422,22
3680,2400,2422,22
3685,2400,2422,22
3704,2400,2422,22
3709,2400,2422,22
3723,2400,2422,22
3729,2400,2422,22
3741,2400,2422,22
3746,2400,2422,22
3758,2400,2422,22
3767,2400,2422,22
3771,2400,2422,22
3788,2400,2422,22
3798,2400,2422,22
3809,2400,2422,22
3818,2400,2422,22
3824,2400,2422,22
3831,2400,2422,22
3843,2400,2422,22
3846,2400,2422,22
3870,2400,2422,22
3875,2400,2422,22
3884,2400,2422,22
3891,2400,2422,22
3894,2400,2422,22
3905,2400,2422,22
3917,2400,2422,22
3927,2400,2422,22
3935,2400,2422,22
3943,2400,2422,22
3953,2400,2422,22
3969,2400,2422,22
3972,2400,2422,22
3980,2400,2422,22
3988,2400,2422,22
3999,2400,2422,22
4006,2400,2422,22
4018,2400,2422,22
4024,2400,2422,22
4032,2400,2422,22
4048,2400,2422,22
4051,2400,2422,22
4066,2400,2422,22
4076,2400,2422,22
4082,2400,2422,22
4089,2400,2422,22
4099,2400,2422,22
4115,2400,2422,22
4121,2400,2422,22
4126,2400,2422,22
4141,2400,2422,22
4144,2400,2422,22
4160,2400,2422,22
4172,2400,2422,22
4176,2400,2422,22
4184,2400,2422,22
3005,2416,2437,21
3011,2416,2437,21
3030,2416,2437,21
3040,2416,2437,21
3061,2416,2437,21
3068,2416,2437,21
3082,2416,2437,21
3089,2416,2437,21
3093,2416,2437,21
3107,2416,2437,21
3115,2416,2437,21
3129,2416,2437,21
3131,2416,2437,21
3140,2416,2437,21
3158,2416,2437,21
3164,2416,2437,21
3183,2416,2437,21
3193,2416,2437,21
3204,2416,2437,21
3214,2416,2437,21
3235,2416,2437,21
3247,2416,2437,21
3253,2416,2437,21
3261,2416,2437,21
3274,2416,2437,21
3278,2416,2437,21
3292,2416,2437,21
3302,2416,2437,21
3309,2416,2437,21
3315,2416,2437,21
3330,2416,2437,21
3340,2416,2437,21
3353,2416,2437,21
3364,2416,2437,21
3366,2416,2437,21
3377,2416,2437,21
3388,2416,2437,21
3398,2416,2437,21
3411,2416,2437,21
3418,2416,2437,21
3428,2416,2437,21
3433,2416,2437,21
3436,2416,2437,21
3441,2416,2437,21
3450,2416,2437,21
3459,2416,2437,21
3474,2416,2437,21
3482,2416,2437,21
3495,2416,2437,21
3510,2416,2437,21
3514,2416,2437,21
3522,2416,2437,21
3530,2416,2437,21
3536,2416,2437,21
3548,2416,2437,21
3559,2416,2437,21
3571,2416,2437,21
3577,2416,2437,21
3590,2416,2437,21
3592,2416,2437,21
3608,2416,2437,21
3610,2416,2437,21
3620,2416,2437,21
3623,2416,2437,21
3643,2416,2437,21
3651,2416,2437,21
3669,2416,2437,21
3683,2416,2437,21
3695,2416,2437,21
3702,2416,2437,21
3714,2416,2437,21
3718,2416,2437,21
3722,2416,2437,21
3736,2416,2437,21
3750,2416,2437,21
3753,2416,2437,21
3765,2416,2437,21
3784,2416,2437,21
3805,2416,2437,21
3808,2416,2437,21
3819,2416,2437,21
3836,2416,2437,21
3841,2416,2437,21
3848,2416,2437,21
3858,2416,2437,21
3866,2416,2437,21
3876,2416,2437,21
3892,2416,2437,21
3893,2416,2437,21
3907,2416,2437,21
3911,2416,2437,21
3926,2416,2437,21
3929,2416,2437,21
3936,2416,2437,21
3944,2416,2437,21
3951,2416,2437,21
3967,2416,2437,21
3977,2416,2437,21
3993,2416,2437,21
3996,2416,2437,21
4004,2416,2437,21
4014,2416,2437,21
4023,2416,2437,21
4037,2416,2437,21
4041,2416,2437,21
4054,2416,2437,21
4067,2416,2437,21
4075,2416,2437,21
4080,2416,2437,21
4096,2416,2437,21
4103,2416,2437,21
4110,2416,2437,21
4122,2416,2437,21
4133,2416,2437,21
4136,2416,2437,21
4143,2416,2437,21
4156,2416,2437,21
4169,2416,2437,21
4185,2416,2437,21
8011,2437,2458,21
8018,2438,2459,21
8035,2440,2461,21
8047,2442,2463,21
8053,2444,2465,21
8064,2446,2467,21
8074,2451,2472,21
8092,2453,2474,21
8099,2454,2475,21
8100,2455,2476,21
8114,2456,2477,21
8117,2457,2478,21
8125,2458,2479,21
8135,2462,2483,21
3002,2406,2426,20
3024,2406,2426,20
3034,2406,2426,20
3046,2406,2426,20
3051,2406,2426,20
3059,2406,2426,20
3065,2406,2426,20
3078,2406,2426,20
3083,2406,2426,20
3095,2406,2426,20
3111,2406,2426,20
3124,2406,2426,20
3130,2406,2426,20
3143,2406,2426,20
3148,2406,2426,20
3169,2406,2426,20
3178,2406,2426,20
3187,2406,2426,20
3196,2406,2426,20
3203,2406,2426,20
3221,2406,2426,20
3231,2406,2426,20
3240,2406,2426,20
3242,2406,2426,20
3249,2406,2426,20
3268,2406,2426,20
3276,2406,2426,20
3285,2406,2426,20
3293,2406,2426,20
3307,2406,2426,20
3321,2406,2426,20
3325,2406,2426,20
3334,2406,2426,20
3345,2406,2426,20
3354,2406,2426,20
3357,2406,2426,20
3369,2406,2426,20
3376,2406,2426,20
3382,2406,2426,20
3394,2406,2426,20
3406,2406,2426,20
3420,2406,2426,20
3422,2406,2426,20
3438,2406,2426,20
3448,2406,2426,20
3454,2406,2426,20
3464,2406,2426,20
3467,2406,2426,20
3479,2406,2426,20
3488,2406,2426,20
3503,2406,2426,20
3509,2406,2426,20
3517,2406,2426,20
3526,2406,2426,20
3533,2406,2426,20
3542,2406,2426,20
3555,2406,2426,20
3582,2406,2426,20
3587,2406,2426,20
3596,2406,2426,20
3602,2406,2426,20
3612,2406,2426,20
3619,2406,2426,20
3636,2406,2426,20
3644,2406,2426,20
3653,2406,2426,20
3667,2406,2426,20
3672,2406,2426,20
3688,2406,2426,20
3693,2406,2426,20
3699,2406,2426,20
3721,2406,2426,20
3730,2406,2426,20
3737,2406,2426,20
3749,2406,2426,20
3769,2406,2426,20
3778,2406,2426,20
3790,2406,2426,20
3799,2406,2426,20
3815,2406,2426,20
3828,2406,2426,20
3835,2406,2426,20
3842,2406,2426,20
3852,2406,2426,20
3860,2406,2426,20
3869,2406,2426,20
3880,2406,2426,20
3888,2406,2426,20
3899,2406,2426,20
3908,2406,2426,20
3912,2406,2426,20
3931,2406,2426,20
3945,2406,2426,20
3949,2406,2426,20
3962,2406,2426,20
3966,2406,2426,20
3973,2406,2426,20
3986,2406,2426,20
3992,2406,2426,20
3998,2406,2426,20
4009,2406,2426,20
4019,2406,2426,20
4031,2406,2426,20
4036,2406,2426,20
4049,2406,2426,20
4060,2406,2426,20
4063,2406,2426,20
4084,2406,2426,20
4093,2406,2426,20
4102,2406,2426,20
4116,2406,2426,20
4117,2406,2426,20
4125,2406,2426,20
4142,2406,2426,20
4148,2406,2426,20
4162,2406,2426,20
4164,2406,2426,20
4181,2406,2426,20
2003,2407,2426,19
2012,2407,2426,19
2020,2407,2426,19
2029,2407,2426,19
2042,2407,2426,19
2051,2407,2426,19
2057,2407,2426,19
2070,2407,2426,19
2077,2407,2426,19
2085,2407,2426,19
2104,2407,2426,19
2108,2407,2426,19
2129,2407,2426,19
2134,2407,2426,19
2140,2407,2426,19
2157,2407,2426,19
2166,2407,2426,19
2173,2407,2426,19
2180,2407,2426,19
2185,2407,2426,19
2192,2407,2426,19
2219,2407,2426,19
2225,2407,2426,19
2241,2407,2426,19
2248,2407,2426,19
2263,2407,2426,19
2270,2407,2426,19
2281,2407,2426,19
2291,2407,2426,19
2298,2407,2426,19
2316,2407,2426,19
2318,2407,2426,19
2343,2407,2426,19
2354,2407,2426,19
2364,2407,2426,19
2379,2407,2426,19
2383,2407,2426,19
2390,2407,2426,19
2400,2407,2426,19
2406,2407,2426,19
2416,2407,2426,19
2432,2407,2426,19
2436,2407,2426,19
2461,2407,2426,19
2476,2407,2426,19
2479,2407,2426,19
2487,2407,2426,19
2495,2407,2426,19
2504,2407,2426,19
2522,2407,2426,19
2527,2407,2426,19
2536,2407,2426,19
2540,2407,2426,19
2560,2407,2426,19
2565,2407,2426,19
2581,2407,2426,19
2586,2407,2426,19
2591,2407,2426,19
2612,2407,2426,19
2625,2407,2426,19
2632,2407,2426,19
2645,2407,2426,19
2648,2407,2426,19
2656,2407,2426,19
2669,2407,2426,19
2678,2407,2426,19
2685,2407,2426,19
2699,2407,2426,19
2705,2407,2426,19
2716,2407,2426,19
2729,2407,2426,19
2737,2407,2426,19
2747,2407,2426,19
2749,2407,2426,19
2758,2407,2426,19
2769,2407,2426,19
2779,2407,2426,19
2793,2407,2426,19
2807,2407,2426,19
2817,2407,2426,19
2823,2407,2426,19
2831,2407,2426,19
2843,2407,2426,19
2844,2407,2426,19
2856,2407,2426,19
2871,2407,2426,19
2878,2407,2426,19
2889,2407,2426,19
2891,2407,2426,19
2902,2407,2426,19
2909,2407,2426,19
2926,2407,2426,19
2942,2407,2426,19
2952,2407,2426,19
2958,2407,2426,19
2967,2407,2426,19
8014,2452,2471,19
8026,2454,2473,19
8039,2459,2478,19
8051,2464,2483,19
8067,2466,2485,19
8087,2468,2487,19
8091,2470,2489,19
8095,2472,2491,19
8101,2473,2492,19
8109,2474,2493,19
8120,2475,2494,19
8128,2476,2495,19
8130,2477,2496,19
8009,2419,2437,18
8028,2423,2441,18
8037,2425,2443,18
8057,2427,2445,18
8071,2431,2449,18
8086,2433,2451,18
8094,2435,2453,18
8111,2437,2455,18
8127,2441,2459,18
2000,2408,2425,17
2001,2413,2430,17
2002,2420,2437,17
2004,2413,2430,17
2008,2408,2425,17
2013,2420,2437,17
2015,2420,2437,17
2017,2408,2425,17
2019,2413,2430,17
2022,2408,2425,17
2024,2420,2437,17
2028,2420,2437,17
2031,2413,2430,17
2034,2408,2425,17
2036,2408,2425,17
2041,2413,2430,17
2044,2420,2437,17
2050,2413,2430,17
2054,2408,2425,17
2061,2420,2437,17
2063,2408,2425,17
2064,2413,2430,17
2069,2413,2430,17
2071,2420,2437,17
2074,2408,2425,17
2080,2413,2430,17
2082,2408,2425,17
2083,2408,2425,17
2087,2413,2430,17
2088,2420,2437,17
2092,2420,2437,17
2093,2413,2430,17
2100,2408,2425,17
2102,2420,2437,17
2105,2413,2430,17
2107,2413,2430,17
2110,2408,2425,17
2115,2408,2425,17
2116,2420,2437,17
2120,2413,2430,17
2122,2420,2437,17
2128,2408,2425,17
2131,2420,2437,17
2136,2413,2430,17
2137,2408,2425,17
2138,2413,2430,17
2144,2420,2437,17
2148,2413,2430,17
2149,2420,2437,17
2153,2420,2437,17
2162,2413,2430,17
2163,2420,2437,17
2167,2408,2425,17
2168,2420,2437,17
2169,2413,2430,17
2176,2413,2430,17
2186,2420,2437,17
2189,2408,2425,17
2190,2413,2430,17
2194,2413,2430,17
2195,2420,2437,17
2204,2420,2437,17
2205,2408,2425,17
2206,2413,2430,17
2210,2408,2425,17
2212,2413,2430,17
2218,2413,2430,17
2221,2408,2425,17
2223,2413,2430,17
2229,2408,2425,17
2230,2420,2437,17
2233,2413,2430,17
2234,2420,2437,17
2237,2408,2425,17
2239,2408,2425,17
2242,2420,2437,17
2245,2413,2430,17
2247,2408,2425,17
2252,2420,2437,17
2257,2420,2437,17
2258,2413,2430,17
2261,2408,2425,17
2266,2413,2430,17
2267,2420,2437,17
2269,2408,2425,17
2272,2408,2425,17
2273,2413,2430,17
2277,2408,2425,17
2280,2413,2430,17
2284,2420,2437,17
2285,2413,2430,17
2292,2420,2437,17
2293,2408,2425,17
2302,2420,2437,17
2306,2408,2425,17
2307,2413,2430,17
2311,2413,2430,17
2312,2408,2425,17
2319,2408,2425,17
2325,2420,2437,17
2326,2408,2425,17
2332,2420,2437,17
2333,2420,2437,17
2338,2408,2425,17
2339,2413,2430,17
2341,2420,2437,17
2344,2413,2430,17
2352,2413,2430,17
2357,2413,2430,17
2359,2420,2437,17
2361,2408,2425,17
2363,2413,2430,17
2370,2420,2437,17
2371,2408,2425,17
2372,2408,2425,17
2374,2420,2437,17
2378,2413,2430,17
2381,2420,2437,17
2384,2408,2425,17
2389,2420,2437,17
2392,2413,2430,17
2397,2420,2437,17
2398,2413,2430,17
2399,2408,2425,17
2403,2420,2437,17
2408,2408,2425,17
2409,2413,2430,17
2410,2408,2425,17
2418,2408,2425,17
2420,2420,2437,17
2424,2413,2430,17
2426,2408,2425,17
2427,2413,2430,17
2434,2413,2430,17
2435,2420,2437,17
2439,2408,2425,17
2446,2420,2437,17
2449,2408,2425,17
2451,2420,2437,17
2456,2413,2430,17
2458,2408,2425,17
2462,2420,2437,17
2463,2413,2430,17
2468,2413,2430,17
2473,2413,2430,17
2477,2420,2437,17
2478,2408,2425,17
2480,2413,2430,17
2482,2420,2437,17
2488,2408,2425,17
2489,2420,2437,17
2493,2420,2437,17
2499,2413,2430,17
2500,2413,2430,17
2505,2420,2437,17
2506,2408,2425,17
2510,2413,2430,17
2513,2420,2437,17
2515,2408,2425,17
2518,2420,2437,17
2523,2413,2430,17
2525,2413,2430,17
2528,2408,2425,17
2530,2413,2430,17
2535,2420,2437,17
2538,2408,2425,17
2541,2408,2425,17
2543,2413,2430,17
2548,2408,2425,17
2551,2420,2437,17
2552,2413,2430,17
2556,2408,2425,17
2557,2420,2437,17
2566,2413,2430,17
2569,2420,2437,17
2570,2408,2425,17
2576,2420,2437,17
2578,2413,2430,17
2588,2420,2437,17
2589,2408,2425,17
2594,2413,2430,17
2596,2420,2437,17
2601,2420,2437,17
2604,2408,2425,17
2605,2413,2430,17
2610,2408,2425,17
2611,2420,2437,17
2615,2413,2430,17
2616,2408,2425,17
2620,2420,2437,17
2622,2413,2430,17
2627,2408,2425,17
2630,2413,2430,17
2634,2408,2425,17
2635,2420,2437,17
2642,2413,2430,17
2643,2420,2437,17
2646,2408,2425,17
2650,2420,2437,17
2651,2413,2430,17
2653,2420,2437,17
2654,2408,2425,17
2657,2413,2430,17
2661,2408,2425,17
2663,2413,2430,17
2664,2420,2437,17
2672,2408,2425,17
2673,2420,2437,17
2676,2413,2430,17
2684,2408,2425,17
2688,2420,2437,17
2692,2413,2430,17
2694,2420,2437,17
2695,2408,2425,17
2698,2408,2425,17
2700,2413,2430,17
2701,2420,2437,17
2709,2413,2430,17
2712,2420,2437,17
2713,2408,2425,17
2717,2413,2430,17
2720,2408,2425,17
2724,2413,2430,17
2726,2420,2437,17
2728,2408,2425,17
2730,2413,2430,17
2731,2420,2437,17
2733,2408,2425,17
2738,2420,2437,17
2741,2408,2425,17
2748,2413,2430,17
2750,2413,2430,17
2755,2420,2437,17
2757,2408,2425,17
2759,2420,2437,17
2762,2408,2425,17
2768,2413,2430,17
2772,2420,2437,17
2773,2408,2425,17
2775,2413,2430,17
2776,2420,2437,17
2780,2408,2425,17
2784,2413,2430,17
2792,2413,2430,17
2795,2408,2425,17
2796,2420,2437,17
2800,2413,2430,17
2802,2408,2425,17
2803,2420,2437,17
2810,2413,2430,17
2811,2408,2425,17
2812,2420,2437,17
2819,2420,2437,17
2824,2408,2425,17
2826,2413,2430,17
2828,2413,2430,17
2832,2408,2425,17
2833,2420,2437,17
2840,2420,2437,17
2841,2408,2425,17
2845,2420,2437,17
2848,2408,2425,17
2850,2413,2430,17
2855,2420,2437,17
2858,2408,2425,17
2862,2420,2437,17
2865,2413,2430,17
2867,2408,2425,17
2869,2420,2437,17
2870,2408,2425,17
2873,2413,2430,17
2879,2408,2425,17
2880,2413,2430,17
2884,2408,2425,17
2885,2420,2437,17
2893,2420,2437,17
2895,2413,2430,17
2904,2408,2425,17
2905,2413,2430,17
2907,2420,2437,17
2908,2408,2425,17
2912,2413,2430,17
2914,2413,2430,17
2915,2408,2425,17
2919,2420,2437,17
2921,2413,2430,17
2925,2420,2437,17
2928,2408,2425,17
2930,2420,2437,17
2934,2413,2430,17
2941,2408,2425,17
2943,2413,2430,17
2945,2420,2437,17
2950,2420,2437,17
2951,2408,2425,17
2956,2408,2425,17
2962,2420,2437,17
2963,2413,2430,17
3001,2408,2425,17
3004,2413,2430,17
3010,2408,2425,17
3013,2413,2430,17
3018,2413,2430,17
3020,2408,2425,17
3029,2413,2430,17
3038,2408,2425,17
3041,2408,2425,17
3049,2408,2425,17
3053,2413,2430,17
3062,2408,2425,17
3066,2408,2425,17
3069,2413,2430,17
3073,2408,2425,17
3080,2413,2430,17
3087,2408,2425,17
3096,2413,2430,17
3101,2413,2430,17
3106,2408,2425,17
3109,2408,2425,17
3116,2408,2425,17
3119,2413,2430,17
3122,2408,2425,17
3128,2413,2430,17
3132,2413,2430,17
3136,2408,2425,17
3141,2408,2425,17
3145,2408,2425,17
3156,2413,2430,17
3159,2408,2425,17
3163,2413,2430,17
3167,2408,2425,17
3168,2413,2430,17
3181,2413,2430,17
3184,2408,2425,17
3185,2408,2425,17
3188,2413,2430,17
3201,2413,2430,17
3202,2413,2430,17
3205,2408,2425,17
3212,2408,2425,17
3216,2408,2425,17
3220,2413,2430,17
3225,2408,2425,17
3230,2413,2430,17
3232,2408,2425,17
3238,2413,2430,17
3243,2408,2425,17
3248,2413,2430,17
3251,2408,2425,17
3255,2408,2425,17
3256,2413,2430,17
3265,2408,2425,17
3267,2413,2430,17
3273,2413,2430,17
3280,2413,2430,17
3281,2408,2425,17
3290,2408,2425,17
3301,2413,2430,17
3305,2413,2430,17
3306,2408,2425,17
3318,2408,2425,17
3320,2413,2430,17
3328,2408,2425,17
3329,2413,2430,17
3333,2413,2430,17
3335,2408,2425,17
3344,2408,2425,17
3347,2413,2430,17
3356,2413,2430,17
3360,2413,2430,17
3362,2408,2425,17
3368,2408,2425,17
3371,2413,2430,17
3374,2408,2425,17
3375,2413,2430,17
3381,2413,2430,17
3395,2413,2430,17
3396,2408,2425,17
3400,2408,2425,17
3405,2413,2430,17
3408,2408,2425,17
3419,2413,2430,17
3424,2408,2425,17
3430,2413,2430,17
3432,2408,2425,17
3439,2413,2430,17
3440,2408,2425,17
3442,2408,2425,17
3444,2413,2430,17
3451,2408,2425,17
3453,2413,2430,17
3461,2408,2425,17
3478,2413,2430,17
3480,2408,2425,17
3486,2408,2425,17
3490,2413,2430,17
3493,2408,2425,17
3498,2413,2430,17
3500,2413,2430,17
3501,2408,2425,17
3504,2408,2425,17
3512,2408,2425,17
3521,2413,2430,17
3527,2408,2425,17
3538,2408,2425,17
3539,2413,2430,17
3550,2413,2430,17
3551,2408,2425,17
3554,2413,2430,17
3560,2413,2430,17
3566,2408,2425,17
3569,2408,2425,17
3570,2413,2430,17
3576,2408,2425,17
3584,2413,2430,17
3586,2408,2425,17
3591,2408,2425,17
3594,2413,2430,17
3605,2413,2430,17
3615,2413,2430,17
3616,2413,2430,17
3617,2408,2425,17
3629,2408,2425,17
3637,2413,2430,17
3640,2413,2430,17
3646,2408,2425,17
3649,2408,2425,17
3652,2413,2430,17
3658,2413,2430,17
3661,2408,2425,17
3665,2413,2430,17
3676,2408,2425,17
3682,2408,2425,17
3686,2408,2425,17
3690,2413,2430,17
3697,2408,2425,17
3706,2408,2425,17
3707,2413,2430,17
3708,2408,2425,17
3713,2413,2430,17
3727,2408,2425,17
3728,2413,2430,17
3732,2408,2425,17
3740,2408,2425,17
3743,2413,2430,17
3748,2413,2430,17
3752,2408,2425,17
3754,2408,2425,17
3757,2413,2430,17
3763,2408,2425,17
3768,2413,2430,17
3775,2408,2425,17
3777,2413,2430,17
3781,2413,2430,17
3787,2408,2425,17
3789,2413,2430,17
3796,2408,2425,17
3797,2413,2430,17
3810,2413,2430,17
3812,2408,2425,17
3816,2408,2425,17
3821,2413,2430,17
3823,2413,2430,17
3825,2408,2425,17
3832,2408,2425,17
3839,2413,2430,17
3840,2408,2425,17
3850,2413,2430,17
3854,2408,2425,17
3856,2413,2430,17
3862,2408,2425,17
3867,2408,2425,17
3868,2413,2430,17
3871,2413,2430,17
3882,2413,2430,17
3885,2408,2425,17
3889,2408,2425,17
3898,2413,2430,17
3901,2408,2425,17
3903,2413,2430,17
3904,2408,2425,17
3910,2408,2425,17
3915,2413,2430,17
3921,2413,2430,17
3925,2408,2425,17
3930,2408,2425,17
3937,2413,2430,17
3940,2413,2430,17
3947,2408,2425,17
3954,2413,2430,17
3960,2413,2430,17
3963,2408,2425,17
3965,2413,2430,17
3970,2408,2425,17
3974,2408,2425,17
3979,2413,2430,17
3982,2413,2430,17
3987,2408,2425,17
3989,2413,2430,17
3994,2408,2425,17
4000,2413,2430,17
4013,2408,2425,17
4017,2413,2430,17
4021,2408,2425,17
4027,2408,2425,17
4030,2413,2430,17
4033,2408,2425,17
4044,2408,2425,17
4046,2413,2430,17
4056,2408,2425,17
4058,2413,2430,17
4062,2408,2425,17
4074,2413,2430,17
4081,2413,2430,17
4083,2408,2425,17
4090,2413,2430,17
4092,2408,2425,17
4097,2413,2430,17
4104,2413,2430,17
4108,2408,2425,17
4114,2413,2430,17
4120,2413,2430,17
4123,2408,2425,17
4127,2408,2425,17
4129,2413,2430,17
4140,2408,2425,17
4147,2408,2425,17
4150,2408,2425,17
4152,2413,2430,17
4158,2408,2425,17
4168,2413,2430,17
4171,2408,2425,17
4178,2408,2425,17
4182,2413,2430,17
4188,2413,2430,17
